<?xml version="1.0" encoding="UTF-8"?>
<project-private xmlns="http://www.netbeans.org/ns/project-private/1">
    <editor-bookmarks xmlns="http://www.netbeans.org/ns/editor-bookmarks/2" lastBookmarkId="0"/>
    <open-files xmlns="http://www.netbeans.org/ns/projectui-open-files/2">
        <group>
            <file>file:/C:/Users/Ninbus/Documents/GitHub/Progra2Proy1_Entregable/Progra2Proy1_Entreg/src/Principal/FormFuncionario.java</file>
            <file>file:/C:/Users/Ninbus/Documents/GitHub/Progra2Proy1_Entregable/Progra2Proy1_Entreg/src/Clases/MasterClass.java</file>
            <file>file:/C:/Users/Ninbus/Documents/GitHub/Progra2Proy1_Entregable/Progra2Proy1_Entreg/src/Principal/FormLibro.java</file>
            <file>file:/C:/Users/Ninbus/Documents/GitHub/Progra2Proy1_Entregable/Progra2Proy1_Entreg/src/Principal/FormProfesor.java</file>
        </group>
    </open-files>
</project-private>
